dockingid,binding type,LG,Ebond_prop,BSA_prop,Eintfree_prop
1E96_b_NA26H,binding,2.22E-01,-0.006545426,-0.039907261,-0.003694135
1KTZ_b_VA92I,binding,9.39E-02,-0.003406941,-0.009246157,-0.002484493
1KTZ_b_RA25K,binding,1.58E-01,-0.001605306,-0.022251475,-0.004503641
1KTZ_nb_FB30A,non-binding,3.94E+00,-0.041005179,0.221170853,0.00154548
1KTZ_nb_SB52L,non-binding,5.49E+00,0.000289021,0.040091756,0.003536042
1LFD_b_YA93K,binding,7.58E+00,0.014065528,0.026151983,-0.007687416
1LFD_b_KA48A,binding,1.86E+00,-0.017454948,0.01244403,25.45133957
1LFD_b_NA27K,binding,4.66E-01,-0.027505537,0.027449561,0.000916233
1LFD_b_RA20A,binding,2.35E+00,0.042685323,0.073650052,0.007030968
1LFD_b_KA52A,binding,1.86E+00,-0.12989822,0.003424558,-0.001328724
1LFD_b_KA32A,binding,1.86E+00,-0.035667682,0.054597725,0.017468013
2SIC_b_MI73K,binding,1.52E+00,-0.010199775,0.022607535,0.000368343
2SIC_b_MI73R,binding,2.07E+00,0.017061367,-0.095940016,0.00113415
2SIC_b_MI73G,binding,7.17E+00,-0.032250868,0.161432,-0.001185473
2SIC_b_MI73H,binding,2.26E+00,-0.001584449,-0.030027691,0.000740722
2SIC_b_MI73A,binding,8.90E-01,-0.010781142,0.016146779,0.00034888
2SIC_b_MI73V,binding,5.27E-01,3.42E-05,0.004775984,0.000837457
2SIC_b_MI73D,binding,3.91E+01,-0.016354449,0.095145912,0.000979893
2SIC_b_MI73E,binding,5.76E+00,-0.019080264,0.16469362,0.0066554
1JTG_b_DB163A,binding,2.53E+00,0.039824173,0.064917097,0.007232489
1JTG_b_VB93K,binding,5.40E+00,0.02047769,0.078435096,-0.002375772
1JTG_b_TB140K_QB157K,binding,1.19E+00,0.012639795,0.035901469,-0.01389552
1JTG_b_VA216A_YB50A,binding,4.96E+00,0.233574065,0.027010082,22.82683279
1JTG_nb_KB74A_YB143A,non-binding,6.43E+00,0.163324144,0.069719642,0.053690441
1JTG_nb_KB74A_FB142A_EA104A,non-binding,6.77E+00,0.362521918,0.434263042,0.102451452
1JTG_nb_KB74A_FB142A_EA104A_YA105A,non-binding,1.13E+01,0.359670638,0.422104667,0.080005713
1JTG_nb_KB74A_SA130A,non-binding,2.08E+00,0.044809573,0.070861966,-0.014539546
1JTG_nb_QA99A_HB148A,non-binding,3.82E+00,0.069381378,0.391250456,0.066579857
1JTG_nb_FB36A,non-binding,3.94E+00,0.073392162,0.435785642,0.015904205
1JTG_nb_HB41A,non-binding,2.79E+00,0.289309262,0.058656244,-0.000187161
1JTG_nb_KB74A_YA105A,non-binding,6.43E+00,0.056262608,0.147390697,-0.015023121
1JTG_nb_FB142A_KA234A,non-binding,5.81E+00,0.128939693,0.060985249,0.011085513
1JTG_nb_KB74A_YB143A_YA105A,non-binding,1.10E+01,0.161416231,0.398333164,0.054230221
1JTG_nb_FB142A_RA243A,non-binding,6.29E+00,0.126439094,-0.051781866,-0.00306988
1JTG_nb_EA104K_DB49A,non-binding,3.08E+00,0.730053192,0.267944255,50.63547631
1JTG_nb_NA100A_KB74A,non-binding,5.48E+00,0.05183309,0.08271582,-0.014378539
1JTG_nb_QA99A_WB112A,non-binding,6.56E+00,0.074958769,0.306903385,-0.010783719
1JTG_nb_MA129A_YB53A,non-binding,5.46E+00,0.046232609,0.207531663,0.012554418
1JTG_nb_MA129A_FB36A,non-binding,4.83E+00,0.055942308,0.252329005,0.022538485
1JTG_nb_KB74A_YB143A_SA130A,non-binding,6.64E+00,0.164661593,0.121110766,0.054727894
1JTG_nb_QA99A_RB160A,non-binding,3.38E+00,-0.004288551,0.346224848,0.005008449
1JTG_nb_QA99A_WB150A,non-binding,6.56E+00,0.138889834,0.447227821,0.017154972
1JTG_nb_KB74A_FB142A_YB143A,non-binding,1.04E+01,0.156301148,0.486304572,0.004732067
1JTG_nb_EA110A_YB50A,non-binding,5.53E+00,3.119008475,0.13475436,55.64958292
1JTG_nb_EA168A_KB74A,non-binding,2.83E+00,0.060144925,0.101717673,-0.01446572
1JTG_nb_EA168A_WB150A,non-binding,6.50E+00,0.13858186,0.462562474,0.017305962
1JTG_nb_QA99A_KB74A,non-binding,2.89E+00,0.067807827,0.102694031,-0.014657147
1JTG_nb_FB142A_YB143A_SA130A,non-binding,8.72E+00,0.056589158,0.436442528,0.009442246
1JTG_nb_VA103A_WB162A,non-binding,5.93E+00,0.206057408,0.421401929,-0.00969266
1JTG_nb_KB74A_FB142A_YB143A_YA105A,non-binding,1.49E+01,0.153627466,0.474394897,0.005320445
1JTG_nb_WB150A,non-binding,5.53E+00,0.138736541,0.510508185,0.016423951
1JTG_nb_NA100A_WB150A,non-binding,9.15E+00,0.139048335,-0.022222488,0.017614434
1JTG_nb_VA103A_RB160A,non-binding,2.74E+00,-0.02098965,0.041714264,0.004433612
1JTG_nb_KB74A_YB143A_RA243A,non-binding,8.78E+00,0.162976761,0.166813694,0.071964668
1JTG_nb_VA103A_FB142A,non-binding,4.33E+00,0.128108649,0.507038849,-0.018830144
1JTG_nb_FB142A_YB143A_RA243A,non-binding,1.09E+01,0.057171948,0.406894115,0.026579412
1JTG_nb_EA110A_SB113A,non-binding,1.17E+00,-0.008089274,0.424104731,55.59575336
1JTG_nb_FB142A_YB143A_KA234A,non-binding,1.04E+01,0.080318634,0.447981894,0.04060255
1JTG_nb_KB74A_FB142A_YA105A,non-binding,1.04E+01,0.359459187,0.363980212,0.082164831
1JTG_nb_KB74A_FB142A,non-binding,5.81E+00,0.360751846,0.452819826,0.081791066
1JTG_nb_KB74A_YB143A_KA234A,non-binding,8.29E+00,0.164952033,0.162795624,0.085840155
1JTG_nb_EA110A_SB71A,non-binding,1.17E+00,0.175577843,0.450599969,-0.004384828
1JTG_nb_EA110A_SB113A_SB71A,non-binding,1.39E+00,0.135373996,0.086058065,0.001394894
1JTG_nb_KB74A_FB142A_YB143A_SA130A,non-binding,1.06E+01,0.128893688,0.483339115,7.556245583
1JTG_nb_KB74A_FB142A_SA130A,non-binding,6.02E+00,0.094946894,0.072875487,7.532766101
1JTG_nb_KB74A_FB142A_YB143A_RA243A,non-binding,1.27E+01,0.064208485,0.468159961,0.064233578
1JTG_nb_KB74A_FB142A_YB143A_KA234A,non-binding,1.22E+01,0.059082986,0.490691455,0.066327218
1JTG_nb_KB74A_FB142A_RA243A,non-binding,8.16E+00,0.075934426,0.487012294,0.027617235
1JTG_nb_KB74A_FB142A_KA234A,non-binding,7.67E+00,0.086749812,0.48111876,0.029523343
1JTG_nb_KB74A_KA234A,non-binding,3.73E+00,0.130101454,0.469265902,0.002033726
1JTG_nb_KB74A_RA243A,non-binding,4.22E+00,0.127498429,0.089397818,-0.000201258
1FFW_b_AA90V,binding,3.92E-01,-0.016337088,0.049035592,0.015708628
1FFW_b_YA106W,binding,3.17E-01,-0.008950284,0.064819309,-0.004793609
1FFW_b_EA93K,binding,5.53E-01,-0.023409979,0.057937552,-0.003540416
1FFW_b_VA108M,binding,5.27E-01,-0.011638737,0.080125371,0.00031087
2BTF_b_KP125A,binding,1.86E+00,0.025188589,-0.054111578,0.000657757
2BTF_b_VP60E,binding,4.08E+00,-0.001664329,0.061145871,0.00084789
1HE8_b_KA223V_EA919A,binding,6.36E+00,-0.001499437,0.001933531,-0.002155688
1HE8_b_KA223V,binding,5.40E+00,-0.020213629,-0.016693125,-0.007697426
1R0R_b_TI17N,binding,5.00E-01,0.006679492,-0.055685228,0.001059986
1R0R_b_NI36W,binding,2.20E+01,-0.020546854,0.016166948,3.40E-05
1R0R_b_EI19V,binding,4.08E+00,0.004678553,-0.014564292,-0.000941712
1R0R_b_AI15V_TI17S,binding,5.47E-01,0.002892831,-0.02575788,0.000535817
1R0R_b_RI21V,binding,5.85E+00,0.0083165,-0.088046049,-0.047559569
1R0R_b_RI21C,binding,1.87E+00,-0.00963204,-0.083406682,-0.048381215
1R0R_b_GI32F,binding,1.12E+01,-0.001433037,0.013518079,0.00099816
1R0R_b_KI13R,binding,1.58E-01,0.001017726,-0.047561047,0.000302853
1R0R_b_PI14S,binding,7.47E-01,-0.011799143,0.005172731,0.000876302
1R0R_b_LI18T,binding,3.30E+00,-0.019230538,-0.021946124,0.000603018
1R0R_b_RI21Q,binding,3.56E-01,0.003019053,-0.031946694,-0.047875863
1R0R_b_AI15W,binding,5.53E+00,-0.021233416,0.045404513,0.002695213
1R0R_b_RI21I,binding,7.87E+00,-0.010157675,-0.034766727,-0.047475344
1R0R_b_RI21L,binding,3.31E+00,0.007272794,-0.06224073,-0.047786261
1R0R_b_EI19D,binding,1.91E-01,0.002282079,-0.016031043,0.003205045
1R0R_b_AI15T_LI18M,binding,6.26E-01,-0.006782835,-0.04787709,0.000936335
1R0R_b_TI17I,binding,9.67E-01,0.001722902,-0.055358928,0.001199764
1R0R_b_NI36H,binding,2.22E-01,-0.011360759,0.010535857,-0.001276821
1R0R_b_NI36G,binding,6.96E-01,-0.002084118,-0.034237851,-0.001650459
1R0R_b_NI36I,binding,5.22E+00,-0.006704891,-0.026000201,-0.001122707
1R0R_b_RI21E,binding,2.75E+00,-0.012271652,-0.091508426,-0.045413614
1R0R_b_RI21T,binding,1.73E+00,0.008267059,-0.117905445,-0.047969944
1R0R_b_PI14K,binding,2.56E+00,0.006634316,-0.071358558,0.002689836
1R0R_b_KI13V,binding,5.40E+00,-0.003646479,-0.026890637,0.001835038
1R0R_b_EI10D_RI21M_EI43D,binding,2.45E+00,-0.007711759,-0.112422439,-0.049535282
1R0R_b_RI21M,binding,2.07E+00,0.000675705,-0.04081579,-0.047908119
1R0R_b_LI18Y,binding,3.34E+00,0.005855268,-0.102032103,0.000294789
1R0R_b_RI21F,binding,1.90E+01,-0.016501932,-0.040301658,-0.048445728
1R0R_b_NI36S,binding,2.49E-01,-0.00654183,-0.014774561,-0.001531289
1R0R_b_PI14W,binding,1.05E+01,0.009767569,-0.115177084,0.003481913
1R0R_b_GI32Y,binding,1.83E+01,-0.010993144,0.026852173,0.001325206
1R0R_b_LI18A,binding,2.53E+00,-0.020503616,-0.052109383,2.991971707
1R0R_b_TI17H,binding,1.71E+00,0.018295797,-0.135775695,0.000812685
1R0R_b_RI21H,binding,4.12E-01,-0.002958365,-0.049709246,-0.04759541
1R0R_b_NI36T,binding,5.00E-01,-0.001089853,-0.032164014,-0.001746333
1R0R_b_NI36D,binding,1.97E-01,-0.003795386,-0.010105064,-0.00109941
1R0R_b_NI36C,binding,1.89E+00,-0.003891361,-0.021621105,-0.000352134
1R0R_b_LI18H,binding,2.73E+00,-0.015254253,-0.004641931,0.000981136
1R0R_b_EI19L,binding,1.44E+01,0.011034831,-0.040621548,-0.000887951
1R0R_b_LI18F,binding,3.86E-01,0.003722678,-0.095414418,0.000589578
1R0R_b_LI18Q,binding,1.72E+00,-0.011244813,-0.042292797,0.001391511
1R0R_b_EI10D_RI21M_KI29Q_GI32S_NI36S_EI43D,binding,3.58E+00,-0.007268722,-0.052468378,-0.051107788
1R0R_b_NI36V,binding,1.19E+01,0.000519624,-0.041124141,-0.001477528
1R0R_b_TI17L,binding,3.30E+00,-0.004045891,-0.061759934,0.000530441
1R0R_b_EI19I,binding,2.26E+01,-0.009503492,0.027277197,-0.001138835
1R0R_b_TI17A,binding,4.67E-01,0.004039493,-0.032449287,0.000427399
1R0R_b_TI17C,binding,8.75E-01,-0.003063841,0.004356018,-0.000179203
1R0R_nb_YI20Q,non-binding,3.89E+00,0.018558129,-0.195802837,-0.006155622
1R0R_nb_LI18D,non-binding,6.63E+01,-0.003929364,-0.076946698,0.001674652
1R0R_nb_AI15E,non-binding,9.63E-01,-0.003798101,-0.004381019,0.001138835
1R0R_nb_EI10D_LI18V_RI21M_GI32D_EI43D,non-binding,4.22E+00,-0.016767948,-0.077680714,-0.049163436
1R0R_nb_PI14S_AI15L_TI17K_LI18R,non-binding,7.47E+00,0.001244383,-0.151659229,0.004943314
1R0R_nb_TI17P,non-binding,1.75E+00,0.008676747,-0.068743024,0.019666629
1R0R_nb_TI17K_LI18R,non-binding,4.19E+00,-0.015516585,-0.063231813,0.003801791
1R0R_nb_LI18I_GI32D,non-binding,1.42E+00,0.02100482,-0.185415706,0.002049186
1R0R_nb_YI20T,non-binding,4.07E+00,0.001954018,-0.112477571,-0.006007779
1R0R_nb_YI20A,non-binding,4.57E+00,0.014866086,-0.220084351,0.006238055
1R0R_nb_YI20D,non-binding,7.40E+00,-0.009981041,-0.115618135,-0.004481866
1R0R_nb_AI15D_LI18A,non-binding,5.06E+00,-0.005652847,-0.099992243,0.000678283
1R0R_nb_YI20N,non-binding,1.63E+00,0.015189688,-0.16064378,-0.006077668
1R0R_nb_AI15D_GI32A_NI33S,non-binding,3.26E+00,-0.001163531,-0.031163957,0.008169863
1R0R_nb_AI15D_GI32A,non-binding,3.01E+00,-0.007704779,-0.051587559,26.07817639
1R0R_nb_YI20G,non-binding,1.83E+01,0.027291492,-0.231192036,-0.00619863
1R0R_nb_TI17R_LI18R,non-binding,5.04E+00,-0.023293104,-0.1198703,0.003096627
1R0R_nb_YI20P,non-binding,1.12E+01,0.006071454,-0.15177789,0.005650269
1R0R_nb_RI21P,non-binding,3.01E+00,0.103469109,-0.12142103,0.019400512
1R0R_nb_LI18P,non-binding,4.02E+00,-0.016195586,-0.005775971,0.023907467
1R0R_nb_AI15R_LI18R,non-binding,5.67E+00,0.022592387,-0.239492381,0.004178117
1R0R_nb_AI15D_LI18A_YI20D,non-binding,1.25E+01,-0.017745151,-0.093139929,-0.004133316
1R0R_nb_AI15R_TI17K_LI18R,non-binding,6.54E+00,-0.014059506,-0.134925005,0.004780239
1MAH_b_YA337A,binding,4.57E+00,-0.010673676,-0.027562784,-0.003568472
1MAH_b_FA338G,binding,1.12E+01,0.063696963,0.009036939,-0.001955907
1MAH_b_FA297Y,binding,1.28E-01,-0.020920631,-0.002497207,0.098942225
1MAH_b_FA295L,binding,3.86E-01,-0.021645055,0.010494742,0.132636598
1MAH_nb_YA72N,non-binding,1.63E+00,0.016962103,-0.003810548,0.009671123
1MAH_nb_YA72N_YA124Q,non-binding,5.52E+00,0.049649074,-0.025359296,-0.022942346
1MAH_nb_WA286R,non-binding,1.68E+00,0.026709028,0.003983183,0.010987893
1MAH_nb_YA124Q_WA286R,non-binding,5.57E+00,0.186811749,-0.025609856,-0.011124501
1MAH_nb_YA72N_WA286R,non-binding,3.32E+00,-0.031957724,-0.020322923,0.03324241
1MAH_nb_YA72N_YA124Q_WA286R,non-binding,7.20E+00,0.169757284,-0.039337299,-0.071467342
1GCQ_b_PC595A,binding,8.49E-01,0.029063621,-0.00476973,0.009467644
1GCQ_b_PC657A,binding,8.49E-01,0.043561855,-0.110459833,0.020670756
1GCQ_b_AC632G,binding,4.84E-01,0.088976781,-0.189445,-0.000418415
2I9B_b_RE142A,binding,2.35E+00,-0.11984817,0.345359407,-0.000396774
2I9B_b_RE145A,binding,2.35E+00,-0.27670356,0.037193628,-0.000893473
2I9B_b_HE143A,binding,2.79E+00,-0.17253517,0.066573965,0.005282476
2I9B_b_KE139A,binding,1.86E+00,0.141645227,-0.021139088,-0.002073771
